Model,Accuracy,Precision,Recall,F1 Score,ROC-AUC
Logistic Regression,0.7833333333333333,0.676056338028169,0.5333333333333333,0.5962732919254659,0.8010582010582011
Random Forest,0.76,0.6730769230769231,0.3888888888888889,0.49295774647887325,0.7954497354497354
SVM,0.7766666666666666,0.7254901960784313,0.4111111111111111,0.524822695035461,0.8022222222222222
Gradient Boosting,0.7533333333333333,0.625,0.4444444444444444,0.5194805194805194,0.7708465608465609
